{
    "train_loss": [
        2.2508041406077526,
        2.121396809091047
    ],
    "train_acc": [
        53.01946112845246,
        55.63493762747772
    ],
    "train_top3": [
        73.9624299929007,
        77.49067511071546
    ],
    "train_top5": [
        82.47371564440337,
        85.3934483496918
    ],
    "val_loss": [
        2.020563455533422,
        1.991619251646604
    ],
    "val_acc": [
        58.415841584158414,
        59.0988265493216
    ],
    "val_top3": [
        80.31719838650531,
        80.48221488815548
    ],
    "val_top5": [
        87.05078841217455,
        87.42665933259993
    ],
    "learning_rate": [
        0.0009755282581475768,
        0.0009045084971874737
    ]
}