{
    "train_loss": [
        2.6673522961554452,
        2.574992930564619
    ],
    "train_acc": [
        47.75808250977564,
        47.889926865823014
    ],
    "train_top3": [
        58.7135596849258,
        61.72118862757913
    ],
    "train_top5": [
        67.56854216202207,
        71.26919913005263
    ],
    "val_loss": [
        2.536826490394531,
        2.497078329499516
    ],
    "val_acc": [
        48.6019435276861,
        48.895306197286395
    ],
    "val_top3": [
        62.72460579391272,
        64.7002200220022
    ],
    "val_top5": [
        73.001466813348,
        74.67913458012468
    ],
    "learning_rate": [
        0.0009755282581475768,
        0.0009045084971874737
    ]
}