{
    "resnet50": {
        "note": "Best pre-trained model",
        "val_acc": 64.66813348001467
    },
    "efficientnet_b0": {
        "train_loss": [
            2.5073349310366764,
            2.3513244139452874,
            2.2913811853855517,
            2.2429194020631775,
            2.2072004470448645,
            2.17635282111385,
            2.1509384751524068,
            2.130649764608952,
            2.1094032705157932,
            2.0832717511948995,
            2.0661790327794556,
            2.0422082034372115
        ],
        "train_acc": [
            48.220101193360456,
            49.67489660923361,
            50.31045401787223,
            51.00460891808747,
            51.53424009195299,
            52.12021500771909,
            52.625054935148356,
            52.76027991570976,
            53.11186486516942,
            53.84996788406712,
            53.84771413439109,
            54.30409844378585
        ],
        "val_loss": [
            2.8209544353796354,
            2.29460754366554,
            3.2306409317318407,
            3.0702525334214834,
            6.5505385020079085,
            5.42617053311519,
            2.753224507307543,
            2.5033536136128505,
            2.5532449798178316,
            3.1759941384693535,
            4.7949544351355335,
            3.7596161018634917
        ],
        "val_acc": [
            54.49669966996699,
            55.94059405940594,
            57.08195819581958,
            56.38980564723139,
            57.64118078474514,
            59.05298863219655,
            59.48844884488449,
            59.53887055372204,
            59.30968096809681,
            60.377704437110374,
            60.66189952328566,
            60.35936927026036
        ]
    },
    "mobilenet": {
        "train_loss": [
            2.4490326473949984,
            2.3010202499460317,
            2.2426753403378985,
            2.2006172985765358,
            2.165235996343055,
            2.1371392870383494,
            2.1099501501758415,
            2.0833735380247522
        ],
        "train_acc": [
            48.40490866679438,
            50.27439402305586,
            51.01137016711554,
            51.78215255631557,
            52.191208122513835,
            52.508986826833144,
            53.058901747782876,
            53.306814212145454
        ],
        "val_loss": [
            2.314984647747707,
            2.1474984385480274,
            2.1052862999637703,
            2.2230390577601304,
            2.0675908214756538,
            2.047348245754319,
            2.0124798598069167,
            1.9884582877290262
        ],
        "val_acc": [
            53.51118445177851,
            57.416574990832416,
            57.700770077007704,
            57.50366703337,
            58.42042537587092,
            58.42042537587092,
            59.15841584158416,
            60.056839017235056
        ]
    },
    "meta_learner": {
        "train_loss": [
            2.1988214237722428,
            1.9815768346970906,
            1.9380481817042505,
            1.9175233468151411,
            1.9018641044706024,
            1.8925918827653951,
            1.888351974174156,
            1.8783128814788395,
            1.8743036248949794,
            1.8733969789656915
        ],
        "train_acc": [
            56.17245692520932,
            60.013973247991345,
            60.94815248870308,
            61.51046303287094,
            61.774151744965685,
            61.94881734485751,
            61.988257964187916,
            62.232789804036464,
            62.37815665813998,
            62.31843229172536
        ],
        "val_loss": [
            3.4671405735014122,
            3.8136849682498073,
            2.3844773969809387,
            3.910419223528884,
            NaN,
            2.921070755905051,
            2.7119352096902785,
            2.061287491125723,
            2.2397118562256675,
            2.360836196894343
        ],
        "val_acc": [
            61.07902456912358,
            62.174550788412176,
            62.87587092042538,
            62.325815914924824,
            62.43124312431243,
            62.71085441877521,
            63.13714704803814,
            63.56802346901357,
            63.54052071873854,
            63.54968830216355
        ]
    },
    "fine_tuning": {
        "train_loss": [
            1.9304947381807085,
            1.9105534218187898,
            1.874799938447136,
            1.8326533461169427,
            1.7958371295959474
        ],
        "train_acc": [
            61.09915371699665,
            61.600613019911876,
            62.628322872178586,
            63.78562333081665,
            64.8167138075974
        ],
        "val_loss": [
            2.774191440310197,
            2.0270361242864348,
            2.0340502649425454,
            1.9379228952606824,
            1.8694445758369496
        ],
        "val_acc": [
            61.743674367436746,
            62.742940960762745,
            62.25247524752475,
            63.412174550788414,
            63.852218555188855
        ]
    }
}